,f1-score,precision,recall,ROC-AUC
0,0.6551724137931035,0.6785714285714286,0.6333333333333333,0.7620155038759691
